{
    "corn": {
        "abbreviation": "corn",
        "time": 80,
        "cost": 50,
        "sell": 200,
        "climate": "normal"
    },
    "apple": {
        "abbreviation": "appl",
        "time": 90,
        "cost": 45,
        "sell": 250,
        "climate": "cold"
    },
    "cotton": {
        "abbreviation": "cott",
        "time": 60,
        "cost": 40,
        "sell": 300,
        "climate": "hot"
    },
    "peanut": {
        "abbreviation": "pnut",
        "time": 70,
        "cost": 20,
        "sell": 150,
        "climate": "cold"
    },
    "pineapple": {
        "abbreviation": "pine",
        "time": 100,
        "cost": 20,
        "sell": 250,
        "climate": "hot"
    }
}