{
    "land": {
        "cost": 4000,
        "maintenance": 150,
        "pmodifier": 0,
        "repair": 50
    },
    "cows": {
        "cost": 1200,
        "maintenance": 0,
        "pmodifier": 0.3,
        "repair": 50
    },
    "machinery": {
        "cost": 4000,
        "maintenance": 0,
        "pmodifier": 0.5,
        "repair": 500
    },
    "automation": {
        "cost": 20000,
        "maintenance": 0,
        "pmodifier": 1.5,
        "repair": 2000
    },
    "labour": {
        "cost": 500,
        "maintenance": 50,
        "pmodifier": 0.1,
        "repair": 0
    }
}